,Altitude,Alt Unit,Datetime
0,,,2024-09-09 02:21:14
1,,,2024-09-09 02:21:15
2,,,2024-09-09 02:21:16
3,,,2024-09-09 02:21:17
4,,,2024-09-09 02:21:17
5,,,2024-09-09 02:21:19
6,,,2024-09-09 02:21:20
7,,,2024-09-09 02:21:21
8,,,2024-09-09 02:21:22
9,,,2024-09-09 02:21:23
10,,,2024-09-09 02:21:24
11,,,2024-09-09 02:21:25
12,,,2024-09-09 02:21:26
13,,,2024-09-09 02:21:27
14,,,2024-09-09 02:21:28
15,,,2024-09-09 02:21:29
16,,,2024-09-09 02:21:30
17,,,2024-09-09 02:21:31
18,56.1,M,2024-09-09 02:21:32
19,56.0,M,2024-09-09 02:21:33
20,55.9,M,2024-09-09 02:21:34
21,55.6,M,2024-09-09 02:21:35
22,54.8,M,2024-09-09 02:21:36
23,54.4,M,2024-09-09 02:21:37
24,54.0,M,2024-09-09 02:21:38
25,53.9,M,2024-09-09 02:21:39
26,53.5,M,2024-09-09 02:21:40
27,53.2,M,2024-09-09 02:21:41
28,52.9,M,2024-09-09 02:21:42
29,52.8,M,2024-09-09 02:21:43
30,53.0,M,2024-09-09 02:21:44
31,52.8,M,2024-09-09 02:21:45
32,53.1,M,2024-09-09 02:21:46
33,53.5,M,2024-09-09 02:21:47
34,53.6,M,2024-09-09 02:21:48
35,53.9,M,2024-09-09 02:21:49
36,53.9,M,2024-09-09 02:21:50
37,53.6,M,2024-09-09 02:21:51
38,54.4,M,2024-09-09 02:21:52
39,54.4,M,2024-09-09 02:21:53
40,54.8,M,2024-09-09 02:21:54
41,54.9,M,2024-09-09 02:21:55
42,55.0,M,2024-09-09 02:21:56
43,54.6,M,2024-09-09 02:21:57
44,54.7,M,2024-09-09 02:21:58
45,54.3,M,2024-09-09 02:21:59
46,54.4,M,2024-09-09 02:22:00
47,54.2,M,2024-09-09 02:22:01
48,53.8,M,2024-09-09 02:22:02
49,53.8,M,2024-09-09 02:22:03
50,53.7,M,2024-09-09 02:22:04
51,53.9,M,2024-09-09 02:22:05
52,54.0,M,2024-09-09 02:22:06
53,53.6,M,2024-09-09 02:22:07
54,53.5,M,2024-09-09 02:22:08
55,53.2,M,2024-09-09 02:22:09
56,53.1,M,2024-09-09 02:22:10
57,53.4,M,2024-09-09 02:22:11
58,53.7,M,2024-09-09 02:22:12
59,53.5,M,2024-09-09 02:22:13
60,53.7,M,2024-09-09 02:22:14
61,53.7,M,2024-09-09 02:22:15
62,53.8,M,2024-09-09 02:22:16
63,53.7,M,2024-09-09 02:22:17
64,53.3,M,2024-09-09 02:22:18
65,53.0,M,2024-09-09 02:22:19
66,53.1,M,2024-09-09 02:22:20
67,53.6,M,2024-09-09 02:22:21
68,54.0,M,2024-09-09 02:22:22
69,54.1,M,2024-09-09 02:22:23
70,54.1,M,2024-09-09 02:22:24
71,53.0,M,2024-09-09 02:22:25
72,52.9,M,2024-09-09 02:22:26
73,52.8,M,2024-09-09 02:22:27
74,53.0,M,2024-09-09 02:22:28
75,53.0,M,2024-09-09 02:22:29
76,52.8,M,2024-09-09 02:22:30
77,52.2,M,2024-09-09 02:22:31
78,51.5,M,2024-09-09 02:22:32
79,50.4,M,2024-09-09 02:22:33
80,50.1,M,2024-09-09 02:22:34
81,52.6,M,2024-09-09 02:22:35
82,53.0,M,2024-09-09 02:22:36
83,53.0,M,2024-09-09 02:22:37
84,52.8,M,2024-09-09 02:22:38
85,52.5,M,2024-09-09 02:22:39
86,52.1,M,2024-09-09 02:22:40
87,51.7,M,2024-09-09 02:22:41
88,51.3,M,2024-09-09 02:22:42
89,50.9,M,2024-09-09 02:22:43
90,51.0,M,2024-09-09 02:22:44
91,51.2,M,2024-09-09 02:22:45
92,51.1,M,2024-09-09 02:22:46
93,51.0,M,2024-09-09 02:22:47
94,51.0,M,2024-09-09 02:22:48
95,51.0,M,2024-09-09 02:22:49
96,51.0,M,2024-09-09 02:22:50
97,50.9,M,2024-09-09 02:22:51
98,50.8,M,2024-09-09 02:22:52
99,50.9,M,2024-09-09 02:22:53
100,50.8,M,2024-09-09 02:22:54
101,50.6,M,2024-09-09 02:22:55
102,50.6,M,2024-09-09 02:22:56
103,50.5,M,2024-09-09 02:22:57
104,50.5,M,2024-09-09 02:22:58
105,50.4,M,2024-09-09 02:22:59
106,50.3,M,2024-09-09 02:23:00
107,49.9,M,2024-09-09 02:23:01
108,49.4,M,2024-09-09 02:23:02
109,49.1,M,2024-09-09 02:23:03
110,48.8,M,2024-09-09 02:23:04
111,48.3,M,2024-09-09 02:23:05
112,48.1,M,2024-09-09 02:23:06
113,47.9,M,2024-09-09 02:23:07
114,48.0,M,2024-09-09 02:23:08
115,47.9,M,2024-09-09 02:23:09
116,47.9,M,2024-09-09 02:23:10
117,47.7,M,2024-09-09 02:23:11
118,47.5,M,2024-09-09 02:23:12
119,47.5,M,2024-09-09 02:23:13
120,47.5,M,2024-09-09 02:23:14
121,47.3,M,2024-09-09 02:23:15
122,47.1,M,2024-09-09 02:23:16
123,47.1,M,2024-09-09 02:23:17
124,46.8,M,2024-09-09 02:23:18
125,46.5,M,2024-09-09 02:23:19
126,46.2,M,2024-09-09 02:23:20
127,45.9,M,2024-09-09 02:23:21
128,46.6,M,2024-09-09 02:23:22
129,46.9,M,2024-09-09 02:23:23
130,46.9,M,2024-09-09 02:23:24
131,46.9,M,2024-09-09 02:23:25
132,46.8,M,2024-09-09 02:23:26
133,46.8,M,2024-09-09 02:23:27
134,46.9,M,2024-09-09 02:23:28
135,46.8,M,2024-09-09 02:23:29
136,46.7,M,2024-09-09 02:23:30
137,46.7,M,2024-09-09 02:23:31
138,47.1,M,2024-09-09 02:23:32
139,47.6,M,2024-09-09 02:23:33
140,48.4,M,2024-09-09 02:23:34
141,48.8,M,2024-09-09 02:23:35
142,49.2,M,2024-09-09 02:23:36
143,49.3,M,2024-09-09 02:23:37
144,49.4,M,2024-09-09 02:23:38
145,49.5,M,2024-09-09 02:23:39
146,49.4,M,2024-09-09 02:23:40
147,49.3,M,2024-09-09 02:23:41
148,49.3,M,2024-09-09 02:23:42
149,49.3,M,2024-09-09 02:23:43
150,49.3,M,2024-09-09 02:23:44
151,49.2,M,2024-09-09 02:23:45
152,49.3,M,2024-09-09 02:23:46
153,49.3,M,2024-09-09 02:23:47
154,49.3,M,2024-09-09 02:23:48
155,49.4,M,2024-09-09 02:23:49
156,49.4,M,2024-09-09 02:23:50
157,49.5,M,2024-09-09 02:23:51
158,49.6,M,2024-09-09 02:23:52
159,49.6,M,2024-09-09 02:23:53
160,49.6,M,2024-09-09 02:23:54
161,49.5,M,2024-09-09 02:23:55
162,49.4,M,2024-09-09 02:23:56
163,49.4,M,2024-09-09 02:23:57
164,49.4,M,2024-09-09 02:23:58
165,49.4,M,2024-09-09 02:23:59
166,49.7,M,2024-09-09 02:24:00
167,49.9,M,2024-09-09 02:24:01
168,49.9,M,2024-09-09 02:24:02
169,50.0,M,2024-09-09 02:24:03
170,50.1,M,2024-09-09 02:24:04
171,50.1,M,2024-09-09 02:24:05
172,50.2,M,2024-09-09 02:24:06
173,50.3,M,2024-09-09 02:24:07
174,50.1,M,2024-09-09 02:24:08
175,49.9,M,2024-09-09 02:24:09
176,49.7,M,2024-09-09 02:24:10
177,49.7,M,2024-09-09 02:24:11
178,50.0,M,2024-09-09 02:24:12
179,50.0,M,2024-09-09 02:24:13
180,49.7,M,2024-09-09 02:24:14
181,48.8,M,2024-09-09 02:24:15
182,47.8,M,2024-09-09 02:24:16
183,47.2,M,2024-09-09 02:24:17
184,46.7,M,2024-09-09 02:24:18
185,46.2,M,2024-09-09 02:24:19
186,46.2,M,2024-09-09 02:24:20
187,46.0,M,2024-09-09 02:24:21
188,46.1,M,2024-09-09 02:24:22
189,45.9,M,2024-09-09 02:24:23
190,45.7,M,2024-09-09 02:24:24
191,45.5,M,2024-09-09 02:24:25
192,45.5,M,2024-09-09 02:24:26
193,45.3,M,2024-09-09 02:24:27
194,45.2,M,2024-09-09 02:24:28
195,45.0,M,2024-09-09 02:24:29
196,44.7,M,2024-09-09 02:24:30
197,44.7,M,2024-09-09 02:24:31
198,44.6,M,2024-09-09 02:24:32
199,44.5,M,2024-09-09 02:24:33
200,44.1,M,2024-09-09 02:24:34
201,44.1,M,2024-09-09 02:24:35
202,44.1,M,2024-09-09 02:24:36
203,43.9,M,2024-09-09 02:24:37
204,43.8,M,2024-09-09 02:24:38
205,44.0,M,2024-09-09 02:24:39
206,44.1,M,2024-09-09 02:24:40
207,44.3,M,2024-09-09 02:24:41
208,44.4,M,2024-09-09 02:24:42
209,44.8,M,2024-09-09 02:24:43
210,44.9,M,2024-09-09 02:24:44
211,44.8,M,2024-09-09 02:24:45
212,44.7,M,2024-09-09 02:24:46
213,44.4,M,2024-09-09 02:24:47
214,44.2,M,2024-09-09 02:24:48
215,43.9,M,2024-09-09 02:24:49
216,43.9,M,2024-09-09 02:24:50
217,44.0,M,2024-09-09 02:24:51
218,44.0,M,2024-09-09 02:24:52
219,44.0,M,2024-09-09 02:24:53
220,44.1,M,2024-09-09 02:24:54
221,43.8,M,2024-09-09 02:24:55
222,43.9,M,2024-09-09 02:24:56
223,43.5,M,2024-09-09 02:24:57
224,43.2,M,2024-09-09 02:24:58
225,42.9,M,2024-09-09 02:24:59
226,42.5,M,2024-09-09 02:25:00
227,42.5,M,2024-09-09 02:25:01
228,42.5,M,2024-09-09 02:25:02
229,42.6,M,2024-09-09 02:25:03
230,42.2,M,2024-09-09 02:25:04
231,42.4,M,2024-09-09 02:25:05
232,42.3,M,2024-09-09 02:25:06
233,42.0,M,2024-09-09 02:25:07
234,41.7,M,2024-09-09 02:25:08
235,41.4,M,2024-09-09 02:25:09
236,41.0,M,2024-09-09 02:25:10
237,40.4,M,2024-09-09 02:25:11
238,40.0,M,2024-09-09 02:25:12
239,39.8,M,2024-09-09 02:25:13
240,39.5,M,2024-09-09 02:25:14
241,39.4,M,2024-09-09 02:25:15
242,39.3,M,2024-09-09 02:25:16
243,39.0,M,2024-09-09 02:25:17
244,39.0,M,2024-09-09 02:25:18
245,38.5,M,2024-09-09 02:25:19
246,38.1,M,2024-09-09 02:25:20
247,38.1,M,2024-09-09 02:25:21
248,37.6,M,2024-09-09 02:25:22
249,37.4,M,2024-09-09 02:25:23
250,36.5,M,2024-09-09 02:25:24
251,36.3,M,2024-09-09 02:25:25
252,36.4,M,2024-09-09 02:25:26
253,36.2,M,2024-09-09 02:25:27
254,35.7,M,2024-09-09 02:25:28
255,35.3,M,2024-09-09 02:25:29
256,35.0,M,2024-09-09 02:25:30
257,34.9,M,2024-09-09 02:25:31
258,35.1,M,2024-09-09 02:25:32
259,35.3,M,2024-09-09 02:25:33
260,34.7,M,2024-09-09 02:25:34
261,34.6,M,2024-09-09 02:25:35
262,34.2,M,2024-09-09 02:25:36
263,33.9,M,2024-09-09 02:25:37
264,33.7,M,2024-09-09 02:25:38
265,33.2,M,2024-09-09 02:25:39
266,32.9,M,2024-09-09 02:25:40
267,32.9,M,2024-09-09 02:25:41
268,33.0,M,2024-09-09 02:25:42
269,33.2,M,2024-09-09 02:25:43
270,33.0,M,2024-09-09 02:25:44
271,32.9,M,2024-09-09 02:25:45
272,33.2,M,2024-09-09 02:25:46
273,33.5,M,2024-09-09 02:25:47
274,33.6,M,2024-09-09 02:25:48
275,33.4,M,2024-09-09 02:25:49
276,33.2,M,2024-09-09 02:25:50
277,33.1,M,2024-09-09 02:25:51
278,34.4,M,2024-09-09 02:25:52
279,35.8,M,2024-09-09 02:25:53
280,37.2,M,2024-09-09 02:25:54
281,38.2,M,2024-09-09 02:25:55
282,39.2,M,2024-09-09 02:25:56
283,40.3,M,2024-09-09 02:25:57
284,41.8,M,2024-09-09 02:25:58
285,43.3,M,2024-09-09 02:25:59
286,44.6,M,2024-09-09 02:26:00
287,45.9,M,2024-09-09 02:26:01
288,47.2,M,2024-09-09 02:26:02
289,48.8,M,2024-09-09 02:26:03
290,50.3,M,2024-09-09 02:26:04
291,51.6,M,2024-09-09 02:26:05
292,52.9,M,2024-09-09 02:26:06
293,54.0,M,2024-09-09 02:26:07
294,55.1,M,2024-09-09 02:26:08
295,56.2,M,2024-09-09 02:26:09
296,57.0,M,2024-09-09 02:26:10
297,57.6,M,2024-09-09 02:26:11
298,58.3,M,2024-09-09 02:26:12
299,58.8,M,2024-09-09 02:26:13
300,59.0,M,2024-09-09 02:26:14
301,59.8,M,2024-09-09 02:26:15
302,60.2,M,2024-09-09 02:26:16
303,60.3,M,2024-09-09 02:26:17
304,57.0,M,2024-09-09 02:26:18
305,54.9,M,2024-09-09 02:26:19
306,54.2,M,2024-09-09 02:26:20
307,53.1,M,2024-09-09 02:26:21
308,52.0,M,2024-09-09 02:26:22
309,50.9,M,2024-09-09 02:26:23
310,50.2,M,2024-09-09 02:26:24
311,49.9,M,2024-09-09 02:26:25
312,49.2,M,2024-09-09 02:26:26
313,48.8,M,2024-09-09 02:26:27
314,48.3,M,2024-09-09 02:26:28
315,48.3,M,2024-09-09 02:26:29
316,48.3,M,2024-09-09 02:26:30
317,47.9,M,2024-09-09 02:26:31
318,47.6,M,2024-09-09 02:26:32
319,47.2,M,2024-09-09 02:26:33
320,46.9,M,2024-09-09 02:26:34
321,46.7,M,2024-09-09 02:26:35
322,46.5,M,2024-09-09 02:26:36
323,46.3,M,2024-09-09 02:26:37
324,46.1,M,2024-09-09 02:26:38
325,45.9,M,2024-09-09 02:26:39
326,45.7,M,2024-09-09 02:26:40
327,45.6,M,2024-09-09 02:26:41
328,45.8,M,2024-09-09 02:26:42
329,46.1,M,2024-09-09 02:26:43
330,46.0,M,2024-09-09 02:26:44
331,46.2,M,2024-09-09 02:26:45
332,46.0,M,2024-09-09 02:26:46
333,45.8,M,2024-09-09 02:26:47
334,45.4,M,2024-09-09 02:26:48
335,45.2,M,2024-09-09 02:26:49
336,45.2,M,2024-09-09 02:26:50
337,45.8,M,2024-09-09 02:26:51
338,47.0,M,2024-09-09 02:26:52
339,48.3,M,2024-09-09 02:26:53
340,49.3,M,2024-09-09 02:26:54
341,50.4,M,2024-09-09 02:26:55
342,51.1,M,2024-09-09 02:26:56
343,51.7,M,2024-09-09 02:26:57
344,51.1,M,2024-09-09 02:26:58
345,50.5,M,2024-09-09 02:26:59
346,49.9,M,2024-09-09 02:27:00
347,49.7,M,2024-09-09 02:27:01
348,48.6,M,2024-09-09 02:27:02
349,47.1,M,2024-09-09 02:27:03
350,45.2,M,2024-09-09 02:27:04
351,43.5,M,2024-09-09 02:27:05
352,41.1,M,2024-09-09 02:27:06
353,39.5,M,2024-09-09 02:27:07
354,37.6,M,2024-09-09 02:27:08
355,35.8,M,2024-09-09 02:27:09
356,33.8,M,2024-09-09 02:27:10
357,31.6,M,2024-09-09 02:27:11
358,29.3,M,2024-09-09 02:27:12
359,28.9,M,2024-09-09 02:27:13
360,28.4,M,2024-09-09 02:27:14
361,28.0,M,2024-09-09 02:27:15
362,27.6,M,2024-09-09 02:27:16
363,27.5,M,2024-09-09 02:27:17
364,27.4,M,2024-09-09 02:27:18
365,27.2,M,2024-09-09 02:27:19
366,28.1,M,2024-09-09 02:27:20
367,27.8,M,2024-09-09 02:27:21
368,29.3,M,2024-09-09 02:27:22
369,32.5,M,2024-09-09 02:27:23
370,35.3,M,2024-09-09 02:27:24
371,36.5,M,2024-09-09 02:27:25
372,36.5,M,2024-09-09 02:27:26
373,37.9,M,2024-09-09 02:27:27
374,39.5,M,2024-09-09 02:27:28
375,41.3,M,2024-09-09 02:27:29
376,42.4,M,2024-09-09 02:27:30
377,43.2,M,2024-09-09 02:27:31
378,43.8,M,2024-09-09 02:27:32
379,43.7,M,2024-09-09 02:27:33
380,43.5,M,2024-09-09 02:27:34
381,43.2,M,2024-09-09 02:27:35
382,43.0,M,2024-09-09 02:27:36
383,42.4,M,2024-09-09 02:27:37
384,42.8,M,2024-09-09 02:27:38
385,43.0,M,2024-09-09 02:27:39
386,42.8,M,2024-09-09 02:27:40
387,42.5,M,2024-09-09 02:27:41
388,42.5,M,2024-09-09 02:27:42
389,42.5,M,2024-09-09 02:27:43
390,42.4,M,2024-09-09 02:27:44
391,42.4,M,2024-09-09 02:27:45
392,42.7,M,2024-09-09 02:27:46
393,43.0,M,2024-09-09 02:27:47
394,43.3,M,2024-09-09 02:27:48
395,43.3,M,2024-09-09 02:27:49
396,43.4,M,2024-09-09 02:27:50
397,43.7,M,2024-09-09 02:27:51
398,44.1,M,2024-09-09 02:27:52
399,44.1,M,2024-09-09 02:27:53
400,44.2,M,2024-09-09 02:27:54
401,44.1,M,2024-09-09 02:27:55
402,43.9,M,2024-09-09 02:27:56
403,43.8,M,2024-09-09 02:27:57
404,43.5,M,2024-09-09 02:27:58
405,43.2,M,2024-09-09 02:27:59
406,42.8,M,2024-09-09 02:28:00
407,42.6,M,2024-09-09 02:28:01
408,42.6,M,2024-09-09 02:28:02
409,42.3,M,2024-09-09 02:28:03
410,41.4,M,2024-09-09 02:28:04
411,40.6,M,2024-09-09 02:28:05
412,39.9,M,2024-09-09 02:28:06
413,39.2,M,2024-09-09 02:28:07
414,39.3,M,2024-09-09 02:28:08
415,39.3,M,2024-09-09 02:28:09
416,39.4,M,2024-09-09 02:28:10
417,39.3,M,2024-09-09 02:28:11
418,39.1,M,2024-09-09 02:28:12
419,38.9,M,2024-09-09 02:28:13
420,38.5,M,2024-09-09 02:28:14
421,37.9,M,2024-09-09 02:28:15
422,37.7,M,2024-09-09 02:28:16
423,37.8,M,2024-09-09 02:28:17
424,38.0,M,2024-09-09 02:28:18
425,38.1,M,2024-09-09 02:28:19
426,38.1,M,2024-09-09 02:28:20
427,37.7,M,2024-09-09 02:28:21
428,37.5,M,2024-09-09 02:28:22
429,37.3,M,2024-09-09 02:28:23
430,37.0,M,2024-09-09 02:28:24
431,36.7,M,2024-09-09 02:28:25
432,36.6,M,2024-09-09 02:28:26
433,36.3,M,2024-09-09 02:28:27
434,36.0,M,2024-09-09 02:28:28
435,35.7,M,2024-09-09 02:28:29
436,35.4,M,2024-09-09 02:28:30
437,35.0,M,2024-09-09 02:28:31
438,34.8,M,2024-09-09 02:28:32
439,34.5,M,2024-09-09 02:28:33
440,34.1,M,2024-09-09 02:28:34
441,33.8,M,2024-09-09 02:28:35
442,33.6,M,2024-09-09 02:28:36
443,33.4,M,2024-09-09 02:28:37
444,33.4,M,2024-09-09 02:28:38
445,33.3,M,2024-09-09 02:28:39
446,32.8,M,2024-09-09 02:28:40
447,32.5,M,2024-09-09 02:28:41
448,32.3,M,2024-09-09 02:28:42
449,31.9,M,2024-09-09 02:28:43
450,31.7,M,2024-09-09 02:28:44
451,31.2,M,2024-09-09 02:28:45
452,31.2,M,2024-09-09 02:28:46
453,30.6,M,2024-09-09 02:28:47
454,30.8,M,2024-09-09 02:28:48
455,30.6,M,2024-09-09 02:28:49
456,30.7,M,2024-09-09 02:28:50
457,30.8,M,2024-09-09 02:28:51
458,30.9,M,2024-09-09 02:28:52
459,31.1,M,2024-09-09 02:28:53
460,31.1,M,2024-09-09 02:28:54
461,31.1,M,2024-09-09 02:28:55
462,31.7,M,2024-09-09 02:28:56
463,32.2,M,2024-09-09 02:28:57
464,32.5,M,2024-09-09 02:28:58
465,32.6,M,2024-09-09 02:28:59
466,32.6,M,2024-09-09 02:29:00
467,32.8,M,2024-09-09 02:29:01
468,32.5,M,2024-09-09 02:29:02
469,32.3,M,2024-09-09 02:29:03
470,36.0,M,2024-09-09 02:29:04
471,36.2,M,2024-09-09 02:29:05
472,36.1,M,2024-09-09 02:29:06
473,36.0,M,2024-09-09 02:29:07
474,35.9,M,2024-09-09 02:29:08
475,35.9,M,2024-09-09 02:29:09
476,35.8,M,2024-09-09 02:29:10
477,35.7,M,2024-09-09 02:29:11
478,35.7,M,2024-09-09 02:29:12
479,,,2024-09-09 02:21:14
480,,,2024-09-09 02:21:15
481,,,2024-09-09 02:21:16
482,,,2024-09-09 02:21:17
483,,,2024-09-09 02:21:17
484,,,2024-09-09 02:21:19
485,,,2024-09-09 02:21:20
486,,,2024-09-09 02:21:21
487,,,2024-09-09 02:21:22
488,,,2024-09-09 02:21:23
489,,,2024-09-09 02:21:24
490,,,2024-09-09 02:21:25
491,,,2024-09-09 02:21:26
492,,,2024-09-09 02:21:27
493,,,2024-09-09 02:21:28
494,,,2024-09-09 02:21:29
495,,,2024-09-09 02:21:30
496,,,2024-09-09 02:21:31
497,56.1,M,2024-09-09 02:21:32
498,56.0,M,2024-09-09 02:21:33
499,55.9,M,2024-09-09 02:21:34
500,55.6,M,2024-09-09 02:21:35
501,54.8,M,2024-09-09 02:21:36
502,54.4,M,2024-09-09 02:21:37
503,54.0,M,2024-09-09 02:21:38
504,53.9,M,2024-09-09 02:21:39
505,53.5,M,2024-09-09 02:21:40
506,53.2,M,2024-09-09 02:21:41
507,52.9,M,2024-09-09 02:21:42
508,52.8,M,2024-09-09 02:21:43
509,53.0,M,2024-09-09 02:21:44
510,52.8,M,2024-09-09 02:21:45
511,53.1,M,2024-09-09 02:21:46
512,53.5,M,2024-09-09 02:21:47
513,53.6,M,2024-09-09 02:21:48
514,53.9,M,2024-09-09 02:21:49
515,53.9,M,2024-09-09 02:21:50
516,53.6,M,2024-09-09 02:21:51
517,54.4,M,2024-09-09 02:21:52
518,54.4,M,2024-09-09 02:21:53
519,54.8,M,2024-09-09 02:21:54
520,54.9,M,2024-09-09 02:21:55
521,55.0,M,2024-09-09 02:21:56
522,54.6,M,2024-09-09 02:21:57
523,54.7,M,2024-09-09 02:21:58
524,54.3,M,2024-09-09 02:21:59
525,54.4,M,2024-09-09 02:22:00
526,54.2,M,2024-09-09 02:22:01
527,53.8,M,2024-09-09 02:22:02
528,53.8,M,2024-09-09 02:22:03
529,53.7,M,2024-09-09 02:22:04
530,53.9,M,2024-09-09 02:22:05
531,54.0,M,2024-09-09 02:22:06
532,53.6,M,2024-09-09 02:22:07
533,53.5,M,2024-09-09 02:22:08
534,53.2,M,2024-09-09 02:22:09
535,53.1,M,2024-09-09 02:22:10
536,53.4,M,2024-09-09 02:22:11
537,53.7,M,2024-09-09 02:22:12
538,53.5,M,2024-09-09 02:22:13
539,53.7,M,2024-09-09 02:22:14
540,53.7,M,2024-09-09 02:22:15
541,53.8,M,2024-09-09 02:22:16
542,53.7,M,2024-09-09 02:22:17
543,53.3,M,2024-09-09 02:22:18
544,53.0,M,2024-09-09 02:22:19
545,53.1,M,2024-09-09 02:22:20
546,53.6,M,2024-09-09 02:22:21
547,54.0,M,2024-09-09 02:22:22
548,54.1,M,2024-09-09 02:22:23
549,54.1,M,2024-09-09 02:22:24
550,53.0,M,2024-09-09 02:22:25
551,52.9,M,2024-09-09 02:22:26
552,52.8,M,2024-09-09 02:22:27
553,53.0,M,2024-09-09 02:22:28
554,53.0,M,2024-09-09 02:22:29
555,52.8,M,2024-09-09 02:22:30
556,52.2,M,2024-09-09 02:22:31
557,51.5,M,2024-09-09 02:22:32
558,50.4,M,2024-09-09 02:22:33
559,50.1,M,2024-09-09 02:22:34
560,52.6,M,2024-09-09 02:22:35
561,53.0,M,2024-09-09 02:22:36
562,53.0,M,2024-09-09 02:22:37
563,52.8,M,2024-09-09 02:22:38
564,52.5,M,2024-09-09 02:22:39
565,52.1,M,2024-09-09 02:22:40
566,51.7,M,2024-09-09 02:22:41
567,51.3,M,2024-09-09 02:22:42
568,50.9,M,2024-09-09 02:22:43
569,51.0,M,2024-09-09 02:22:44
570,51.2,M,2024-09-09 02:22:45
571,51.1,M,2024-09-09 02:22:46
572,51.0,M,2024-09-09 02:22:47
573,51.0,M,2024-09-09 02:22:48
574,51.0,M,2024-09-09 02:22:49
575,51.0,M,2024-09-09 02:22:50
576,50.9,M,2024-09-09 02:22:51
577,50.8,M,2024-09-09 02:22:52
578,50.9,M,2024-09-09 02:22:53
579,50.8,M,2024-09-09 02:22:54
580,50.6,M,2024-09-09 02:22:55
581,50.6,M,2024-09-09 02:22:56
582,50.5,M,2024-09-09 02:22:57
583,50.5,M,2024-09-09 02:22:58
584,50.4,M,2024-09-09 02:22:59
585,50.3,M,2024-09-09 02:23:00
586,49.9,M,2024-09-09 02:23:01
587,49.4,M,2024-09-09 02:23:02
588,49.1,M,2024-09-09 02:23:03
589,48.8,M,2024-09-09 02:23:04
590,48.3,M,2024-09-09 02:23:05
591,48.1,M,2024-09-09 02:23:06
592,47.9,M,2024-09-09 02:23:07
593,48.0,M,2024-09-09 02:23:08
594,47.9,M,2024-09-09 02:23:09
595,47.9,M,2024-09-09 02:23:10
596,47.7,M,2024-09-09 02:23:11
597,47.5,M,2024-09-09 02:23:12
598,47.5,M,2024-09-09 02:23:13
599,47.5,M,2024-09-09 02:23:14
600,47.3,M,2024-09-09 02:23:15
601,47.1,M,2024-09-09 02:23:16
602,47.1,M,2024-09-09 02:23:17
603,46.8,M,2024-09-09 02:23:18
604,46.5,M,2024-09-09 02:23:19
605,46.2,M,2024-09-09 02:23:20
606,45.9,M,2024-09-09 02:23:21
607,46.6,M,2024-09-09 02:23:22
608,46.9,M,2024-09-09 02:23:23
609,46.9,M,2024-09-09 02:23:24
610,46.9,M,2024-09-09 02:23:25
611,46.8,M,2024-09-09 02:23:26
612,46.8,M,2024-09-09 02:23:27
613,46.9,M,2024-09-09 02:23:28
614,46.8,M,2024-09-09 02:23:29
615,46.7,M,2024-09-09 02:23:30
616,46.7,M,2024-09-09 02:23:31
617,47.1,M,2024-09-09 02:23:32
618,47.6,M,2024-09-09 02:23:33
619,48.4,M,2024-09-09 02:23:34
620,48.8,M,2024-09-09 02:23:35
621,49.2,M,2024-09-09 02:23:36
622,49.3,M,2024-09-09 02:23:37
623,49.4,M,2024-09-09 02:23:38
624,49.5,M,2024-09-09 02:23:39
625,49.4,M,2024-09-09 02:23:40
626,49.3,M,2024-09-09 02:23:41
627,49.3,M,2024-09-09 02:23:42
628,49.3,M,2024-09-09 02:23:43
629,49.3,M,2024-09-09 02:23:44
630,49.2,M,2024-09-09 02:23:45
631,49.3,M,2024-09-09 02:23:46
632,49.3,M,2024-09-09 02:23:47
633,49.3,M,2024-09-09 02:23:48
634,49.4,M,2024-09-09 02:23:49
635,49.4,M,2024-09-09 02:23:50
636,49.5,M,2024-09-09 02:23:51
637,49.6,M,2024-09-09 02:23:52
638,49.6,M,2024-09-09 02:23:53
639,49.6,M,2024-09-09 02:23:54
640,49.5,M,2024-09-09 02:23:55
641,49.4,M,2024-09-09 02:23:56
642,49.4,M,2024-09-09 02:23:57
643,49.4,M,2024-09-09 02:23:58
644,49.4,M,2024-09-09 02:23:59
645,49.7,M,2024-09-09 02:24:00
646,49.9,M,2024-09-09 02:24:01
647,49.9,M,2024-09-09 02:24:02
648,50.0,M,2024-09-09 02:24:03
649,50.1,M,2024-09-09 02:24:04
650,50.1,M,2024-09-09 02:24:05
651,50.2,M,2024-09-09 02:24:06
652,50.3,M,2024-09-09 02:24:07
653,50.1,M,2024-09-09 02:24:08
654,49.9,M,2024-09-09 02:24:09
655,49.7,M,2024-09-09 02:24:10
656,49.7,M,2024-09-09 02:24:11
657,50.0,M,2024-09-09 02:24:12
658,50.0,M,2024-09-09 02:24:13
659,49.7,M,2024-09-09 02:24:14
660,48.8,M,2024-09-09 02:24:15
661,47.8,M,2024-09-09 02:24:16
662,47.2,M,2024-09-09 02:24:17
663,46.7,M,2024-09-09 02:24:18
664,46.2,M,2024-09-09 02:24:19
665,46.2,M,2024-09-09 02:24:20
666,46.0,M,2024-09-09 02:24:21
667,46.1,M,2024-09-09 02:24:22
668,45.9,M,2024-09-09 02:24:23
669,45.7,M,2024-09-09 02:24:24
670,45.5,M,2024-09-09 02:24:25
671,45.5,M,2024-09-09 02:24:26
672,45.3,M,2024-09-09 02:24:27
673,45.2,M,2024-09-09 02:24:28
674,45.0,M,2024-09-09 02:24:29
675,44.7,M,2024-09-09 02:24:30
676,44.7,M,2024-09-09 02:24:31
677,44.6,M,2024-09-09 02:24:32
678,44.5,M,2024-09-09 02:24:33
679,44.1,M,2024-09-09 02:24:34
680,44.1,M,2024-09-09 02:24:35
681,44.1,M,2024-09-09 02:24:36
682,43.9,M,2024-09-09 02:24:37
683,43.8,M,2024-09-09 02:24:38
684,44.0,M,2024-09-09 02:24:39
685,44.1,M,2024-09-09 02:24:40
686,44.3,M,2024-09-09 02:24:41
687,44.4,M,2024-09-09 02:24:42
688,44.8,M,2024-09-09 02:24:43
689,44.9,M,2024-09-09 02:24:44
690,44.8,M,2024-09-09 02:24:45
691,44.7,M,2024-09-09 02:24:46
692,44.4,M,2024-09-09 02:24:47
693,44.2,M,2024-09-09 02:24:48
694,43.9,M,2024-09-09 02:24:49
695,43.9,M,2024-09-09 02:24:50
696,44.0,M,2024-09-09 02:24:51
697,44.0,M,2024-09-09 02:24:52
698,44.0,M,2024-09-09 02:24:53
699,44.1,M,2024-09-09 02:24:54
700,43.8,M,2024-09-09 02:24:55
701,43.9,M,2024-09-09 02:24:56
702,43.5,M,2024-09-09 02:24:57
703,43.2,M,2024-09-09 02:24:58
704,42.9,M,2024-09-09 02:24:59
705,42.5,M,2024-09-09 02:25:00
706,42.5,M,2024-09-09 02:25:01
707,42.5,M,2024-09-09 02:25:02
708,42.6,M,2024-09-09 02:25:03
709,42.2,M,2024-09-09 02:25:04
710,42.4,M,2024-09-09 02:25:05
711,42.3,M,2024-09-09 02:25:06
712,42.0,M,2024-09-09 02:25:07
713,41.7,M,2024-09-09 02:25:08
714,41.4,M,2024-09-09 02:25:09
715,41.0,M,2024-09-09 02:25:10
716,40.4,M,2024-09-09 02:25:11
717,40.0,M,2024-09-09 02:25:12
718,39.8,M,2024-09-09 02:25:13
719,39.5,M,2024-09-09 02:25:14
720,39.4,M,2024-09-09 02:25:15
721,39.3,M,2024-09-09 02:25:16
722,39.0,M,2024-09-09 02:25:17
723,39.0,M,2024-09-09 02:25:18
724,38.5,M,2024-09-09 02:25:19
725,38.1,M,2024-09-09 02:25:20
726,38.1,M,2024-09-09 02:25:21
727,37.6,M,2024-09-09 02:25:22
728,37.4,M,2024-09-09 02:25:23
729,36.5,M,2024-09-09 02:25:24
730,36.3,M,2024-09-09 02:25:25
731,36.4,M,2024-09-09 02:25:26
732,36.2,M,2024-09-09 02:25:27
733,35.7,M,2024-09-09 02:25:28
734,35.3,M,2024-09-09 02:25:29
735,35.0,M,2024-09-09 02:25:30
736,34.9,M,2024-09-09 02:25:31
737,35.1,M,2024-09-09 02:25:32
738,35.3,M,2024-09-09 02:25:33
739,34.7,M,2024-09-09 02:25:34
740,34.6,M,2024-09-09 02:25:35
741,34.2,M,2024-09-09 02:25:36
742,33.9,M,2024-09-09 02:25:37
743,33.7,M,2024-09-09 02:25:38
744,33.2,M,2024-09-09 02:25:39
745,32.9,M,2024-09-09 02:25:40
746,32.9,M,2024-09-09 02:25:41
747,33.0,M,2024-09-09 02:25:42
748,33.2,M,2024-09-09 02:25:43
749,33.0,M,2024-09-09 02:25:44
750,32.9,M,2024-09-09 02:25:45
751,33.2,M,2024-09-09 02:25:46
752,33.5,M,2024-09-09 02:25:47
753,33.6,M,2024-09-09 02:25:48
754,33.4,M,2024-09-09 02:25:49
755,33.2,M,2024-09-09 02:25:50
756,33.1,M,2024-09-09 02:25:51
757,34.4,M,2024-09-09 02:25:52
758,35.8,M,2024-09-09 02:25:53
759,37.2,M,2024-09-09 02:25:54
760,38.2,M,2024-09-09 02:25:55
761,39.2,M,2024-09-09 02:25:56
762,40.3,M,2024-09-09 02:25:57
763,41.8,M,2024-09-09 02:25:58
764,43.3,M,2024-09-09 02:25:59
765,44.6,M,2024-09-09 02:26:00
766,45.9,M,2024-09-09 02:26:01
767,47.2,M,2024-09-09 02:26:02
768,48.8,M,2024-09-09 02:26:03
769,50.3,M,2024-09-09 02:26:04
770,51.6,M,2024-09-09 02:26:05
771,52.9,M,2024-09-09 02:26:06
772,54.0,M,2024-09-09 02:26:07
773,55.1,M,2024-09-09 02:26:08
774,56.2,M,2024-09-09 02:26:09
775,57.0,M,2024-09-09 02:26:10
776,57.6,M,2024-09-09 02:26:11
777,58.3,M,2024-09-09 02:26:12
778,58.8,M,2024-09-09 02:26:13
779,59.0,M,2024-09-09 02:26:14
780,59.8,M,2024-09-09 02:26:15
781,60.2,M,2024-09-09 02:26:16
782,60.3,M,2024-09-09 02:26:17
783,57.0,M,2024-09-09 02:26:18
784,54.9,M,2024-09-09 02:26:19
785,54.2,M,2024-09-09 02:26:20
786,53.1,M,2024-09-09 02:26:21
787,52.0,M,2024-09-09 02:26:22
788,50.9,M,2024-09-09 02:26:23
789,50.2,M,2024-09-09 02:26:24
790,49.9,M,2024-09-09 02:26:25
791,49.2,M,2024-09-09 02:26:26
792,48.8,M,2024-09-09 02:26:27
793,48.3,M,2024-09-09 02:26:28
794,48.3,M,2024-09-09 02:26:29
795,48.3,M,2024-09-09 02:26:30
796,47.9,M,2024-09-09 02:26:31
797,47.6,M,2024-09-09 02:26:32
798,47.2,M,2024-09-09 02:26:33
799,46.9,M,2024-09-09 02:26:34
800,46.7,M,2024-09-09 02:26:35
801,46.5,M,2024-09-09 02:26:36
802,46.3,M,2024-09-09 02:26:37
803,46.1,M,2024-09-09 02:26:38
804,45.9,M,2024-09-09 02:26:39
805,45.7,M,2024-09-09 02:26:40
806,45.6,M,2024-09-09 02:26:41
807,45.8,M,2024-09-09 02:26:42
808,46.1,M,2024-09-09 02:26:43
809,46.0,M,2024-09-09 02:26:44
810,46.2,M,2024-09-09 02:26:45
811,46.0,M,2024-09-09 02:26:46
812,45.8,M,2024-09-09 02:26:47
813,45.4,M,2024-09-09 02:26:48
814,45.2,M,2024-09-09 02:26:49
815,45.2,M,2024-09-09 02:26:50
816,45.8,M,2024-09-09 02:26:51
817,47.0,M,2024-09-09 02:26:52
818,48.3,M,2024-09-09 02:26:53
819,49.3,M,2024-09-09 02:26:54
820,50.4,M,2024-09-09 02:26:55
821,51.1,M,2024-09-09 02:26:56
822,51.7,M,2024-09-09 02:26:57
823,51.1,M,2024-09-09 02:26:58
824,50.5,M,2024-09-09 02:26:59
825,49.9,M,2024-09-09 02:27:00
826,49.7,M,2024-09-09 02:27:01
827,48.6,M,2024-09-09 02:27:02
828,47.1,M,2024-09-09 02:27:03
829,45.2,M,2024-09-09 02:27:04
830,43.5,M,2024-09-09 02:27:05
831,41.1,M,2024-09-09 02:27:06
832,39.5,M,2024-09-09 02:27:07
833,37.6,M,2024-09-09 02:27:08
834,35.8,M,2024-09-09 02:27:09
835,33.8,M,2024-09-09 02:27:10
836,31.6,M,2024-09-09 02:27:11
837,29.3,M,2024-09-09 02:27:12
838,28.9,M,2024-09-09 02:27:13
839,28.4,M,2024-09-09 02:27:14
840,28.0,M,2024-09-09 02:27:15
841,27.6,M,2024-09-09 02:27:16
842,27.5,M,2024-09-09 02:27:17
843,27.4,M,2024-09-09 02:27:18
844,27.2,M,2024-09-09 02:27:19
845,28.1,M,2024-09-09 02:27:20
846,27.8,M,2024-09-09 02:27:21
847,29.3,M,2024-09-09 02:27:22
848,32.5,M,2024-09-09 02:27:23
849,35.3,M,2024-09-09 02:27:24
850,36.5,M,2024-09-09 02:27:25
851,36.5,M,2024-09-09 02:27:26
852,37.9,M,2024-09-09 02:27:27
853,39.5,M,2024-09-09 02:27:28
854,41.3,M,2024-09-09 02:27:29
855,42.4,M,2024-09-09 02:27:30
856,43.2,M,2024-09-09 02:27:31
857,43.8,M,2024-09-09 02:27:32
858,43.7,M,2024-09-09 02:27:33
859,43.5,M,2024-09-09 02:27:34
860,43.2,M,2024-09-09 02:27:35
861,43.0,M,2024-09-09 02:27:36
862,42.4,M,2024-09-09 02:27:37
863,42.8,M,2024-09-09 02:27:38
864,43.0,M,2024-09-09 02:27:39
865,42.8,M,2024-09-09 02:27:40
866,42.5,M,2024-09-09 02:27:41
867,42.5,M,2024-09-09 02:27:42
868,42.5,M,2024-09-09 02:27:43
869,42.4,M,2024-09-09 02:27:44
870,42.4,M,2024-09-09 02:27:45
871,42.7,M,2024-09-09 02:27:46
872,43.0,M,2024-09-09 02:27:47
873,43.3,M,2024-09-09 02:27:48
874,43.3,M,2024-09-09 02:27:49
875,43.4,M,2024-09-09 02:27:50
876,43.7,M,2024-09-09 02:27:51
877,44.1,M,2024-09-09 02:27:52
878,44.1,M,2024-09-09 02:27:53
879,44.2,M,2024-09-09 02:27:54
880,44.1,M,2024-09-09 02:27:55
881,43.9,M,2024-09-09 02:27:56
882,43.8,M,2024-09-09 02:27:57
883,43.5,M,2024-09-09 02:27:58
884,43.2,M,2024-09-09 02:27:59
885,42.8,M,2024-09-09 02:28:00
886,42.6,M,2024-09-09 02:28:01
887,42.6,M,2024-09-09 02:28:02
888,42.3,M,2024-09-09 02:28:03
889,41.4,M,2024-09-09 02:28:04
890,40.6,M,2024-09-09 02:28:05
891,39.9,M,2024-09-09 02:28:06
892,39.2,M,2024-09-09 02:28:07
893,39.3,M,2024-09-09 02:28:08
894,39.3,M,2024-09-09 02:28:09
895,39.4,M,2024-09-09 02:28:10
896,39.3,M,2024-09-09 02:28:11
897,39.1,M,2024-09-09 02:28:12
898,38.9,M,2024-09-09 02:28:13
899,38.5,M,2024-09-09 02:28:14
900,37.9,M,2024-09-09 02:28:15
901,37.7,M,2024-09-09 02:28:16
902,37.8,M,2024-09-09 02:28:17
903,38.0,M,2024-09-09 02:28:18
904,38.1,M,2024-09-09 02:28:19
905,38.1,M,2024-09-09 02:28:20
906,37.7,M,2024-09-09 02:28:21
907,37.5,M,2024-09-09 02:28:22
908,37.3,M,2024-09-09 02:28:23
909,37.0,M,2024-09-09 02:28:24
910,36.7,M,2024-09-09 02:28:25
911,36.6,M,2024-09-09 02:28:26
912,36.3,M,2024-09-09 02:28:27
913,36.0,M,2024-09-09 02:28:28
914,35.7,M,2024-09-09 02:28:29
915,35.4,M,2024-09-09 02:28:30
916,35.0,M,2024-09-09 02:28:31
917,34.8,M,2024-09-09 02:28:32
918,34.5,M,2024-09-09 02:28:33
919,34.1,M,2024-09-09 02:28:34
920,33.8,M,2024-09-09 02:28:35
921,33.6,M,2024-09-09 02:28:36
922,33.4,M,2024-09-09 02:28:37
923,33.4,M,2024-09-09 02:28:38
924,33.3,M,2024-09-09 02:28:39
925,32.8,M,2024-09-09 02:28:40
926,32.5,M,2024-09-09 02:28:41
927,32.3,M,2024-09-09 02:28:42
928,31.9,M,2024-09-09 02:28:43
929,31.7,M,2024-09-09 02:28:44
930,31.2,M,2024-09-09 02:28:45
931,31.2,M,2024-09-09 02:28:46
932,30.6,M,2024-09-09 02:28:47
933,30.8,M,2024-09-09 02:28:48
934,30.6,M,2024-09-09 02:28:49
935,30.7,M,2024-09-09 02:28:50
936,30.8,M,2024-09-09 02:28:51
937,30.9,M,2024-09-09 02:28:52
938,31.1,M,2024-09-09 02:28:53
939,31.1,M,2024-09-09 02:28:54
940,31.1,M,2024-09-09 02:28:55
941,31.7,M,2024-09-09 02:28:56
942,32.2,M,2024-09-09 02:28:57
943,32.5,M,2024-09-09 02:28:58
944,32.6,M,2024-09-09 02:28:59
945,32.6,M,2024-09-09 02:29:00
946,32.8,M,2024-09-09 02:29:01
947,32.5,M,2024-09-09 02:29:02
948,32.3,M,2024-09-09 02:29:03
949,36.0,M,2024-09-09 02:29:04
950,36.2,M,2024-09-09 02:29:05
951,36.1,M,2024-09-09 02:29:06
952,36.0,M,2024-09-09 02:29:07
953,35.9,M,2024-09-09 02:29:08
954,35.9,M,2024-09-09 02:29:09
955,35.8,M,2024-09-09 02:29:10
956,35.7,M,2024-09-09 02:29:11
957,35.7,M,2024-09-09 02:29:12
958,,,2024-09-09 02:21:14
959,,,2024-09-09 02:21:15
960,,,2024-09-09 02:21:16
961,,,2024-09-09 02:21:17
962,,,2024-09-09 02:21:17
963,,,2024-09-09 02:21:19
964,,,2024-09-09 02:21:20
965,,,2024-09-09 02:21:21
966,,,2024-09-09 02:21:22
967,,,2024-09-09 02:21:23
968,,,2024-09-09 02:21:24
969,,,2024-09-09 02:21:25
970,,,2024-09-09 02:21:26
971,,,2024-09-09 02:21:27
972,,,2024-09-09 02:21:28
973,,,2024-09-09 02:21:29
974,,,2024-09-09 02:21:30
975,,,2024-09-09 02:21:31
976,56.1,M,2024-09-09 02:21:32
977,56.0,M,2024-09-09 02:21:33
978,55.9,M,2024-09-09 02:21:34
979,55.6,M,2024-09-09 02:21:35
980,54.8,M,2024-09-09 02:21:36
981,54.4,M,2024-09-09 02:21:37
982,54.0,M,2024-09-09 02:21:38
983,53.9,M,2024-09-09 02:21:39
984,53.5,M,2024-09-09 02:21:40
985,53.2,M,2024-09-09 02:21:41
986,52.9,M,2024-09-09 02:21:42
987,52.8,M,2024-09-09 02:21:43
988,53.0,M,2024-09-09 02:21:44
989,52.8,M,2024-09-09 02:21:45
990,53.1,M,2024-09-09 02:21:46
991,53.5,M,2024-09-09 02:21:47
992,53.6,M,2024-09-09 02:21:48
993,53.9,M,2024-09-09 02:21:49
994,53.9,M,2024-09-09 02:21:50
995,53.6,M,2024-09-09 02:21:51
996,54.4,M,2024-09-09 02:21:52
997,54.4,M,2024-09-09 02:21:53
998,54.8,M,2024-09-09 02:21:54
999,54.9,M,2024-09-09 02:21:55
1000,55.0,M,2024-09-09 02:21:56
1001,54.6,M,2024-09-09 02:21:57
1002,54.7,M,2024-09-09 02:21:58
1003,54.3,M,2024-09-09 02:21:59
1004,54.4,M,2024-09-09 02:22:00
1005,54.2,M,2024-09-09 02:22:01
1006,53.8,M,2024-09-09 02:22:02
1007,53.8,M,2024-09-09 02:22:03
1008,53.7,M,2024-09-09 02:22:04
1009,53.9,M,2024-09-09 02:22:05
1010,54.0,M,2024-09-09 02:22:06
1011,53.6,M,2024-09-09 02:22:07
1012,53.5,M,2024-09-09 02:22:08
1013,53.2,M,2024-09-09 02:22:09
1014,53.1,M,2024-09-09 02:22:10
1015,53.4,M,2024-09-09 02:22:11
1016,53.7,M,2024-09-09 02:22:12
1017,53.5,M,2024-09-09 02:22:13
1018,53.7,M,2024-09-09 02:22:14
1019,53.7,M,2024-09-09 02:22:15
1020,53.8,M,2024-09-09 02:22:16
1021,53.7,M,2024-09-09 02:22:17
1022,53.3,M,2024-09-09 02:22:18
1023,53.0,M,2024-09-09 02:22:19
1024,53.1,M,2024-09-09 02:22:20
1025,53.6,M,2024-09-09 02:22:21
1026,54.0,M,2024-09-09 02:22:22
1027,54.1,M,2024-09-09 02:22:23
1028,54.1,M,2024-09-09 02:22:24
1029,53.0,M,2024-09-09 02:22:25
1030,52.9,M,2024-09-09 02:22:26
1031,52.8,M,2024-09-09 02:22:27
1032,53.0,M,2024-09-09 02:22:28
1033,53.0,M,2024-09-09 02:22:29
1034,52.8,M,2024-09-09 02:22:30
1035,52.2,M,2024-09-09 02:22:31
1036,51.5,M,2024-09-09 02:22:32
1037,50.4,M,2024-09-09 02:22:33
1038,50.1,M,2024-09-09 02:22:34
1039,52.6,M,2024-09-09 02:22:35
1040,53.0,M,2024-09-09 02:22:36
1041,53.0,M,2024-09-09 02:22:37
1042,52.8,M,2024-09-09 02:22:38
1043,52.5,M,2024-09-09 02:22:39
1044,52.1,M,2024-09-09 02:22:40
1045,51.7,M,2024-09-09 02:22:41
1046,51.3,M,2024-09-09 02:22:42
1047,50.9,M,2024-09-09 02:22:43
1048,51.0,M,2024-09-09 02:22:44
1049,51.2,M,2024-09-09 02:22:45
1050,51.1,M,2024-09-09 02:22:46
1051,51.0,M,2024-09-09 02:22:47
1052,51.0,M,2024-09-09 02:22:48
1053,51.0,M,2024-09-09 02:22:49
1054,51.0,M,2024-09-09 02:22:50
1055,50.9,M,2024-09-09 02:22:51
1056,50.8,M,2024-09-09 02:22:52
1057,50.9,M,2024-09-09 02:22:53
1058,50.8,M,2024-09-09 02:22:54
1059,50.6,M,2024-09-09 02:22:55
1060,50.6,M,2024-09-09 02:22:56
1061,50.5,M,2024-09-09 02:22:57
1062,50.5,M,2024-09-09 02:22:58
1063,50.4,M,2024-09-09 02:22:59
1064,50.3,M,2024-09-09 02:23:00
1065,49.9,M,2024-09-09 02:23:01
1066,49.4,M,2024-09-09 02:23:02
1067,49.1,M,2024-09-09 02:23:03
1068,48.8,M,2024-09-09 02:23:04
1069,48.3,M,2024-09-09 02:23:05
1070,48.1,M,2024-09-09 02:23:06
1071,47.9,M,2024-09-09 02:23:07
1072,48.0,M,2024-09-09 02:23:08
1073,47.9,M,2024-09-09 02:23:09
1074,47.9,M,2024-09-09 02:23:10
1075,47.7,M,2024-09-09 02:23:11
1076,47.5,M,2024-09-09 02:23:12
1077,47.5,M,2024-09-09 02:23:13
1078,47.5,M,2024-09-09 02:23:14
1079,47.3,M,2024-09-09 02:23:15
1080,47.1,M,2024-09-09 02:23:16
1081,47.1,M,2024-09-09 02:23:17
1082,46.8,M,2024-09-09 02:23:18
1083,46.5,M,2024-09-09 02:23:19
1084,46.2,M,2024-09-09 02:23:20
1085,45.9,M,2024-09-09 02:23:21
1086,46.6,M,2024-09-09 02:23:22
1087,46.9,M,2024-09-09 02:23:23
1088,46.9,M,2024-09-09 02:23:24
1089,46.9,M,2024-09-09 02:23:25
1090,46.8,M,2024-09-09 02:23:26
1091,46.8,M,2024-09-09 02:23:27
1092,46.9,M,2024-09-09 02:23:28
1093,46.8,M,2024-09-09 02:23:29
1094,46.7,M,2024-09-09 02:23:30
1095,46.7,M,2024-09-09 02:23:31
1096,47.1,M,2024-09-09 02:23:32
1097,47.6,M,2024-09-09 02:23:33
1098,48.4,M,2024-09-09 02:23:34
1099,48.8,M,2024-09-09 02:23:35
1100,49.2,M,2024-09-09 02:23:36
1101,49.3,M,2024-09-09 02:23:37
1102,49.4,M,2024-09-09 02:23:38
1103,49.5,M,2024-09-09 02:23:39
1104,49.4,M,2024-09-09 02:23:40
1105,49.3,M,2024-09-09 02:23:41
1106,49.3,M,2024-09-09 02:23:42
1107,49.3,M,2024-09-09 02:23:43
1108,49.3,M,2024-09-09 02:23:44
1109,49.2,M,2024-09-09 02:23:45
1110,49.3,M,2024-09-09 02:23:46
1111,49.3,M,2024-09-09 02:23:47
1112,49.3,M,2024-09-09 02:23:48
1113,49.4,M,2024-09-09 02:23:49
1114,49.4,M,2024-09-09 02:23:50
1115,49.5,M,2024-09-09 02:23:51
1116,49.6,M,2024-09-09 02:23:52
1117,49.6,M,2024-09-09 02:23:53
1118,49.6,M,2024-09-09 02:23:54
1119,49.5,M,2024-09-09 02:23:55
1120,49.4,M,2024-09-09 02:23:56
1121,49.4,M,2024-09-09 02:23:57
1122,49.4,M,2024-09-09 02:23:58
1123,49.4,M,2024-09-09 02:23:59
1124,49.7,M,2024-09-09 02:24:00
1125,49.9,M,2024-09-09 02:24:01
1126,49.9,M,2024-09-09 02:24:02
1127,50.0,M,2024-09-09 02:24:03
1128,50.1,M,2024-09-09 02:24:04
1129,50.1,M,2024-09-09 02:24:05
1130,50.2,M,2024-09-09 02:24:06
1131,50.3,M,2024-09-09 02:24:07
1132,50.1,M,2024-09-09 02:24:08
1133,49.9,M,2024-09-09 02:24:09
1134,49.7,M,2024-09-09 02:24:10
1135,49.7,M,2024-09-09 02:24:11
1136,50.0,M,2024-09-09 02:24:12
1137,50.0,M,2024-09-09 02:24:13
1138,49.7,M,2024-09-09 02:24:14
1139,48.8,M,2024-09-09 02:24:15
1140,47.8,M,2024-09-09 02:24:16
1141,47.2,M,2024-09-09 02:24:17
1142,46.7,M,2024-09-09 02:24:18
1143,46.2,M,2024-09-09 02:24:19
1144,46.2,M,2024-09-09 02:24:20
1145,46.0,M,2024-09-09 02:24:21
1146,46.1,M,2024-09-09 02:24:22
1147,45.9,M,2024-09-09 02:24:23
1148,45.7,M,2024-09-09 02:24:24
1149,45.5,M,2024-09-09 02:24:25
1150,45.5,M,2024-09-09 02:24:26
1151,45.3,M,2024-09-09 02:24:27
1152,45.2,M,2024-09-09 02:24:28
1153,45.0,M,2024-09-09 02:24:29
1154,44.7,M,2024-09-09 02:24:30
1155,44.7,M,2024-09-09 02:24:31
1156,44.6,M,2024-09-09 02:24:32
1157,44.5,M,2024-09-09 02:24:33
1158,44.1,M,2024-09-09 02:24:34
1159,44.1,M,2024-09-09 02:24:35
1160,44.1,M,2024-09-09 02:24:36
1161,43.9,M,2024-09-09 02:24:37
1162,43.8,M,2024-09-09 02:24:38
1163,44.0,M,2024-09-09 02:24:39
1164,44.1,M,2024-09-09 02:24:40
1165,44.3,M,2024-09-09 02:24:41
1166,44.4,M,2024-09-09 02:24:42
1167,44.8,M,2024-09-09 02:24:43
1168,44.9,M,2024-09-09 02:24:44
1169,44.8,M,2024-09-09 02:24:45
1170,44.7,M,2024-09-09 02:24:46
1171,44.4,M,2024-09-09 02:24:47
1172,44.2,M,2024-09-09 02:24:48
1173,43.9,M,2024-09-09 02:24:49
1174,43.9,M,2024-09-09 02:24:50
1175,44.0,M,2024-09-09 02:24:51
1176,44.0,M,2024-09-09 02:24:52
1177,44.0,M,2024-09-09 02:24:53
1178,44.1,M,2024-09-09 02:24:54
1179,43.8,M,2024-09-09 02:24:55
1180,43.9,M,2024-09-09 02:24:56
1181,43.5,M,2024-09-09 02:24:57
1182,43.2,M,2024-09-09 02:24:58
1183,42.9,M,2024-09-09 02:24:59
1184,42.5,M,2024-09-09 02:25:00
1185,42.5,M,2024-09-09 02:25:01
1186,42.5,M,2024-09-09 02:25:02
1187,42.6,M,2024-09-09 02:25:03
1188,42.2,M,2024-09-09 02:25:04
1189,42.4,M,2024-09-09 02:25:05
1190,42.3,M,2024-09-09 02:25:06
1191,42.0,M,2024-09-09 02:25:07
1192,41.7,M,2024-09-09 02:25:08
1193,41.4,M,2024-09-09 02:25:09
1194,41.0,M,2024-09-09 02:25:10
1195,40.4,M,2024-09-09 02:25:11
1196,40.0,M,2024-09-09 02:25:12
1197,39.8,M,2024-09-09 02:25:13
1198,39.5,M,2024-09-09 02:25:14
1199,39.4,M,2024-09-09 02:25:15
1200,39.3,M,2024-09-09 02:25:16
1201,39.0,M,2024-09-09 02:25:17
1202,39.0,M,2024-09-09 02:25:18
1203,38.5,M,2024-09-09 02:25:19
1204,38.1,M,2024-09-09 02:25:20
1205,38.1,M,2024-09-09 02:25:21
1206,37.6,M,2024-09-09 02:25:22
1207,37.4,M,2024-09-09 02:25:23
1208,36.5,M,2024-09-09 02:25:24
1209,36.3,M,2024-09-09 02:25:25
1210,36.4,M,2024-09-09 02:25:26
1211,36.2,M,2024-09-09 02:25:27
1212,35.7,M,2024-09-09 02:25:28
1213,35.3,M,2024-09-09 02:25:29
1214,35.0,M,2024-09-09 02:25:30
1215,34.9,M,2024-09-09 02:25:31
1216,35.1,M,2024-09-09 02:25:32
1217,35.3,M,2024-09-09 02:25:33
1218,34.7,M,2024-09-09 02:25:34
1219,34.6,M,2024-09-09 02:25:35
1220,34.2,M,2024-09-09 02:25:36
1221,33.9,M,2024-09-09 02:25:37
1222,33.7,M,2024-09-09 02:25:38
1223,33.2,M,2024-09-09 02:25:39
1224,32.9,M,2024-09-09 02:25:40
1225,32.9,M,2024-09-09 02:25:41
1226,33.0,M,2024-09-09 02:25:42
1227,33.2,M,2024-09-09 02:25:43
1228,33.0,M,2024-09-09 02:25:44
1229,32.9,M,2024-09-09 02:25:45
1230,33.2,M,2024-09-09 02:25:46
1231,33.5,M,2024-09-09 02:25:47
1232,33.6,M,2024-09-09 02:25:48
1233,33.4,M,2024-09-09 02:25:49
1234,33.2,M,2024-09-09 02:25:50
1235,33.1,M,2024-09-09 02:25:51
1236,34.4,M,2024-09-09 02:25:52
1237,35.8,M,2024-09-09 02:25:53
1238,37.2,M,2024-09-09 02:25:54
1239,38.2,M,2024-09-09 02:25:55
1240,39.2,M,2024-09-09 02:25:56
1241,40.3,M,2024-09-09 02:25:57
1242,41.8,M,2024-09-09 02:25:58
1243,43.3,M,2024-09-09 02:25:59
1244,44.6,M,2024-09-09 02:26:00
1245,45.9,M,2024-09-09 02:26:01
1246,47.2,M,2024-09-09 02:26:02
1247,48.8,M,2024-09-09 02:26:03
1248,50.3,M,2024-09-09 02:26:04
1249,51.6,M,2024-09-09 02:26:05
1250,52.9,M,2024-09-09 02:26:06
1251,54.0,M,2024-09-09 02:26:07
1252,55.1,M,2024-09-09 02:26:08
1253,56.2,M,2024-09-09 02:26:09
1254,57.0,M,2024-09-09 02:26:10
1255,57.6,M,2024-09-09 02:26:11
1256,58.3,M,2024-09-09 02:26:12
1257,58.8,M,2024-09-09 02:26:13
1258,59.0,M,2024-09-09 02:26:14
1259,59.8,M,2024-09-09 02:26:15
1260,60.2,M,2024-09-09 02:26:16
1261,60.3,M,2024-09-09 02:26:17
1262,57.0,M,2024-09-09 02:26:18
1263,54.9,M,2024-09-09 02:26:19
1264,54.2,M,2024-09-09 02:26:20
1265,53.1,M,2024-09-09 02:26:21
1266,52.0,M,2024-09-09 02:26:22
1267,50.9,M,2024-09-09 02:26:23
1268,50.2,M,2024-09-09 02:26:24
1269,49.9,M,2024-09-09 02:26:25
1270,49.2,M,2024-09-09 02:26:26
1271,48.8,M,2024-09-09 02:26:27
1272,48.3,M,2024-09-09 02:26:28
1273,48.3,M,2024-09-09 02:26:29
1274,48.3,M,2024-09-09 02:26:30
1275,47.9,M,2024-09-09 02:26:31
1276,47.6,M,2024-09-09 02:26:32
1277,47.2,M,2024-09-09 02:26:33
1278,46.9,M,2024-09-09 02:26:34
1279,46.7,M,2024-09-09 02:26:35
1280,46.5,M,2024-09-09 02:26:36
1281,46.3,M,2024-09-09 02:26:37
1282,46.1,M,2024-09-09 02:26:38
1283,45.9,M,2024-09-09 02:26:39
1284,45.7,M,2024-09-09 02:26:40
1285,45.6,M,2024-09-09 02:26:41
1286,45.8,M,2024-09-09 02:26:42
1287,46.1,M,2024-09-09 02:26:43
1288,46.0,M,2024-09-09 02:26:44
1289,46.2,M,2024-09-09 02:26:45
1290,46.0,M,2024-09-09 02:26:46
1291,45.8,M,2024-09-09 02:26:47
1292,45.4,M,2024-09-09 02:26:48
1293,45.2,M,2024-09-09 02:26:49
1294,45.2,M,2024-09-09 02:26:50
1295,45.8,M,2024-09-09 02:26:51
1296,47.0,M,2024-09-09 02:26:52
1297,48.3,M,2024-09-09 02:26:53
1298,49.3,M,2024-09-09 02:26:54
1299,50.4,M,2024-09-09 02:26:55
1300,51.1,M,2024-09-09 02:26:56
1301,51.7,M,2024-09-09 02:26:57
1302,51.1,M,2024-09-09 02:26:58
1303,50.5,M,2024-09-09 02:26:59
1304,49.9,M,2024-09-09 02:27:00
1305,49.7,M,2024-09-09 02:27:01
1306,48.6,M,2024-09-09 02:27:02
1307,47.1,M,2024-09-09 02:27:03
1308,45.2,M,2024-09-09 02:27:04
1309,43.5,M,2024-09-09 02:27:05
1310,41.1,M,2024-09-09 02:27:06
1311,39.5,M,2024-09-09 02:27:07
1312,37.6,M,2024-09-09 02:27:08
1313,35.8,M,2024-09-09 02:27:09
1314,33.8,M,2024-09-09 02:27:10
1315,31.6,M,2024-09-09 02:27:11
1316,29.3,M,2024-09-09 02:27:12
1317,28.9,M,2024-09-09 02:27:13
1318,28.4,M,2024-09-09 02:27:14
1319,28.0,M,2024-09-09 02:27:15
1320,27.6,M,2024-09-09 02:27:16
1321,27.5,M,2024-09-09 02:27:17
1322,27.4,M,2024-09-09 02:27:18
1323,27.2,M,2024-09-09 02:27:19
1324,28.1,M,2024-09-09 02:27:20
1325,27.8,M,2024-09-09 02:27:21
1326,29.3,M,2024-09-09 02:27:22
1327,32.5,M,2024-09-09 02:27:23
1328,35.3,M,2024-09-09 02:27:24
1329,36.5,M,2024-09-09 02:27:25
1330,36.5,M,2024-09-09 02:27:26
1331,37.9,M,2024-09-09 02:27:27
1332,39.5,M,2024-09-09 02:27:28
1333,41.3,M,2024-09-09 02:27:29
1334,42.4,M,2024-09-09 02:27:30
1335,43.2,M,2024-09-09 02:27:31
1336,43.8,M,2024-09-09 02:27:32
1337,43.7,M,2024-09-09 02:27:33
1338,43.5,M,2024-09-09 02:27:34
1339,43.2,M,2024-09-09 02:27:35
1340,43.0,M,2024-09-09 02:27:36
1341,42.4,M,2024-09-09 02:27:37
1342,42.8,M,2024-09-09 02:27:38
1343,43.0,M,2024-09-09 02:27:39
1344,42.8,M,2024-09-09 02:27:40
1345,42.5,M,2024-09-09 02:27:41
1346,42.5,M,2024-09-09 02:27:42
1347,42.5,M,2024-09-09 02:27:43
1348,42.4,M,2024-09-09 02:27:44
1349,42.4,M,2024-09-09 02:27:45
1350,42.7,M,2024-09-09 02:27:46
1351,43.0,M,2024-09-09 02:27:47
1352,43.3,M,2024-09-09 02:27:48
1353,43.3,M,2024-09-09 02:27:49
1354,43.4,M,2024-09-09 02:27:50
1355,43.7,M,2024-09-09 02:27:51
1356,44.1,M,2024-09-09 02:27:52
1357,44.1,M,2024-09-09 02:27:53
1358,44.2,M,2024-09-09 02:27:54
1359,44.1,M,2024-09-09 02:27:55
1360,43.9,M,2024-09-09 02:27:56
1361,43.8,M,2024-09-09 02:27:57
1362,43.5,M,2024-09-09 02:27:58
1363,43.2,M,2024-09-09 02:27:59
1364,42.8,M,2024-09-09 02:28:00
1365,42.6,M,2024-09-09 02:28:01
1366,42.6,M,2024-09-09 02:28:02
1367,42.3,M,2024-09-09 02:28:03
1368,41.4,M,2024-09-09 02:28:04
1369,40.6,M,2024-09-09 02:28:05
1370,39.9,M,2024-09-09 02:28:06
1371,39.2,M,2024-09-09 02:28:07
1372,39.3,M,2024-09-09 02:28:08
1373,39.3,M,2024-09-09 02:28:09
1374,39.4,M,2024-09-09 02:28:10
1375,39.3,M,2024-09-09 02:28:11
1376,39.1,M,2024-09-09 02:28:12
1377,38.9,M,2024-09-09 02:28:13
1378,38.5,M,2024-09-09 02:28:14
1379,37.9,M,2024-09-09 02:28:15
1380,37.7,M,2024-09-09 02:28:16
1381,37.8,M,2024-09-09 02:28:17
1382,38.0,M,2024-09-09 02:28:18
1383,38.1,M,2024-09-09 02:28:19
1384,38.1,M,2024-09-09 02:28:20
1385,37.7,M,2024-09-09 02:28:21
1386,37.5,M,2024-09-09 02:28:22
1387,37.3,M,2024-09-09 02:28:23
1388,37.0,M,2024-09-09 02:28:24
1389,36.7,M,2024-09-09 02:28:25
1390,36.6,M,2024-09-09 02:28:26
1391,36.3,M,2024-09-09 02:28:27
1392,36.0,M,2024-09-09 02:28:28
1393,35.7,M,2024-09-09 02:28:29
1394,35.4,M,2024-09-09 02:28:30
1395,35.0,M,2024-09-09 02:28:31
1396,34.8,M,2024-09-09 02:28:32
1397,34.5,M,2024-09-09 02:28:33
1398,34.1,M,2024-09-09 02:28:34
1399,33.8,M,2024-09-09 02:28:35
1400,33.6,M,2024-09-09 02:28:36
1401,33.4,M,2024-09-09 02:28:37
1402,33.4,M,2024-09-09 02:28:38
1403,33.3,M,2024-09-09 02:28:39
1404,32.8,M,2024-09-09 02:28:40
1405,32.5,M,2024-09-09 02:28:41
1406,32.3,M,2024-09-09 02:28:42
1407,31.9,M,2024-09-09 02:28:43
1408,31.7,M,2024-09-09 02:28:44
1409,31.2,M,2024-09-09 02:28:45
1410,31.2,M,2024-09-09 02:28:46
1411,30.6,M,2024-09-09 02:28:47
1412,30.8,M,2024-09-09 02:28:48
1413,30.6,M,2024-09-09 02:28:49
1414,30.7,M,2024-09-09 02:28:50
1415,30.8,M,2024-09-09 02:28:51
1416,30.9,M,2024-09-09 02:28:52
1417,31.1,M,2024-09-09 02:28:53
1418,31.1,M,2024-09-09 02:28:54
1419,31.1,M,2024-09-09 02:28:55
1420,31.7,M,2024-09-09 02:28:56
1421,32.2,M,2024-09-09 02:28:57
1422,32.5,M,2024-09-09 02:28:58
1423,32.6,M,2024-09-09 02:28:59
1424,32.6,M,2024-09-09 02:29:00
1425,32.8,M,2024-09-09 02:29:01
1426,32.5,M,2024-09-09 02:29:02
1427,32.3,M,2024-09-09 02:29:03
1428,36.0,M,2024-09-09 02:29:04
1429,36.2,M,2024-09-09 02:29:05
1430,36.1,M,2024-09-09 02:29:06
1431,36.0,M,2024-09-09 02:29:07
1432,35.9,M,2024-09-09 02:29:08
1433,35.9,M,2024-09-09 02:29:09
1434,35.8,M,2024-09-09 02:29:10
1435,35.7,M,2024-09-09 02:29:11
1436,35.7,M,2024-09-09 02:29:12
